TalentID	Class	Branch	Slot	SPReq	TalentReq	TierNum	Tier	Name	Note	MaxLevel	S0	S1	S2	S3	S4	S5	S6	S7	S8	S9	S10	S11	S12	S13	S14	S15	S16	S17	S18	S19	S20	S21	S22	S23	S24	S25	C0	C1	C2	C3	C4	C5	C6	C7	C8	C9	C10	C11	C12	C13	C14	C15	C16	C17	C18	C19	C20	C21	C22	C23	C24	C25	BonusTypeA	A0	A1	A2	A3	A4	A5	A6	A7	A8	A9	A10	A11	A12	A13	A14	A15	A16	A17	A18	A19	A20	A21	A22	A23	A24	A25	BonusTypeB	B0	B1	B2	B3	B4	B5	B6	B7	B8	B9	B10	B11	B12	B13	B14	B15	B16	B17	B18	B19	B20	B21	B22	B23	B24	B25	BonusTypeC	BonusAmountC
TapDmg	Knight	BranchRed	0	0	None	1	I	Knight's Valor	Increased tap damage	25	0	0	0	0	0	0	0	0	0	0	0	0	0	0	0	0	0	0	0	0	0	0	0	0	0	0	1	2	2	3	3	3	4	5	5	6	7	8	9	11	12	14	16	19	22	25	28	33	38	43	50	-	TapDamage	0.00000E+00	1.20000E+00	1.71000E+00	2.43000E+00	3.82000E+00	6.02000E+00	9.47000E+00	1.64000E+01	3.14000E+01	6.01000E+01	1.26000E+02	2.90000E+02	7.28000E+02	2.00000E+03	6.49000E+03	2.29000E+04	9.48000E+04	4.59000E+05	2.79000E+06	2.11000E+07	1.97000E+08	2.27000E+09	3.65000E+10	8.15000E+11	2.50000E+13	1.19000E+15	None	0.00000E+00	0.00000E+00	0.00000E+00	0.00000E+00	0.00000E+00	0.00000E+00	0.00000E+00	0.00000E+00	0.00000E+00	0.00000E+00	0.00000E+00	0.00000E+00	0.00000E+00	0.00000E+00	0.00000E+00	0.00000E+00	0.00000E+00	0.00000E+00	0.00000E+00	0.00000E+00	0.00000E+00	0.00000E+00	0.00000E+00	0.00000E+00	0.00000E+00	0.00000E+00	None	0
TapDmgFromHelpers	Knight	BranchRed	1	3	TapDmg	2	II	Chivalric Order	Increased tap damage from heroes	25	250	250	250	250	250	250	250	250	250	250	250	250	250	250	250	250	250	250	250	250	250	250	250	250	250	250	1	2	2	3	3	3	4	5	5	6	7	8	9	11	12	14	16	19	22	25	28	33	38	43	50	-	TapDamageFromHelpers	0.00000E+00	4.00000E-04	6.00000E-04	1.00000E-03	1.70000E-03	2.80000E-03	4.60000E-03	8.20000E-03	1.54000E-02	2.91000E-02	5.82000E-02	1.23700E-01	2.79700E-01	6.72800E-01	1.83430E+00	5.33000E+00	1.76000E+01	6.61000E+01	3.03000E+02	1.70000E+03	1.17000E+04	9.96000E+04	1.21000E+06	2.13000E+07	5.47000E+08	2.42000E+10	None	0.00000E+00	0.00000E+00	0.00000E+00	0.00000E+00	0.00000E+00	0.00000E+00	0.00000E+00	0.00000E+00	0.00000E+00	0.00000E+00	0.00000E+00	0.00000E+00	0.00000E+00	0.00000E+00	0.00000E+00	0.00000E+00	0.00000E+00	0.00000E+00	0.00000E+00	0.00000E+00	0.00000E+00	0.00000E+00	0.00000E+00	0.00000E+00	0.00000E+00	0.00000E+00	None	0
PetDmg	Knight	BranchRed	2	3	TapDmg	2	II	Pet Evolution	Increased pet damage	25	250	250	250	250	250	250	250	250	250	250	250	250	250	250	250	250	250	250	250	250	250	250	250	250	250	250	1	2	2	3	3	3	4	5	5	6	7	8	9	11	12	14	16	19	22	25	28	33	38	43	50	-	PetDamage	0.00000E+00	1.50000E+00	2.21000E+00	3.24000E+00	5.26000E+00	8.52000E+00	1.38000E+01	2.46000E+01	4.83000E+01	9.46000E+01	2.03000E+02	4.78000E+02	1.23000E+03	3.44000E+03	1.14000E+04	4.13000E+04	1.76000E+05	8.77000E+05	5.53000E+06	4.38000E+07	4.33000E+08	5.32000E+09	9.33000E+10	2.31000E+12	8.07000E+13	4.50000E+15	PetTapCountToAttack	0.00000E+00	0.00000E+00	1.00000E+00	1.00000E+00	2.00000E+00	2.00000E+00	3.00000E+00	3.00000E+00	4.00000E+00	4.00000E+00	5.00000E+00	5.00000E+00	6.00000E+00	6.00000E+00	7.00000E+00	7.00000E+00	8.00000E+00	8.00000E+00	9.00000E+00	9.00000E+00	1.00000E+01	1.10000E+01	1.20000E+01	1.30000E+01	1.40000E+01	1.50000E+01	None	0
PetGoldQTE	Knight	BranchRed	3	3	TapDmg	2	II	Heart of Midas	Give multiple of monster gold drop QTE	25	250	250	250	250	250	250	250	250	250	250	250	250	250	250	250	250	250	250	250	250	250	250	250	250	250	250	1	2	2	3	3	3	4	5	5	6	7	8	9	11	12	14	16	19	22	25	28	33	38	43	50	-	GoldBoss	0.00000E+00	1.80000E+00	2.98000E+00	4.93000E+00	9.16000E+00	1.70000E+01	3.16000E+01	6.57000E+01	1.52000E+02	3.53000E+02	9.10000E+02	2.60000E+03	8.24000E+03	2.88000E+04	1.22000E+05	5.71000E+05	3.20000E+06	2.15000E+07	1.86000E+08	2.08000E+09	2.98000E+10	5.39000E+11	1.44000E+13	5.58000E+14	3.14000E+16	2.92000E+18	PetGoldQTECooldown	0.00000E+00	0.00000E+00	1.00000E+00	2.00000E+00	3.00000E+00	4.00000E+00	5.00000E+00	6.00000E+00	7.00000E+00	8.00000E+00	9.00000E+00	1.00000E+01	1.10000E+01	1.20000E+01	1.30000E+01	1.40000E+01	1.50000E+01	1.60000E+01	1.70000E+01	1.80000E+01	2.00000E+01	2.20000E+01	2.40000E+01	2.60000E+01	2.80000E+01	3.00000E+01	None	0
HeavyStrikes	Knight	BranchRed	4	20	TapDmgFromHelpers	3	III	Cleaving Strike	Increased max critical damage	25	500	500	500	500	500	500	500	500	500	500	500	500	500	500	500	500	500	500	500	500	500	500	500	500	500	500	2	2	3	3	3	4	5	5	6	7	8	9	11	12	14	16	19	22	25	28	33	38	43	50	57	-	CritMaxDamage	0.00000E+00	1.60000E+00	2.38000E+00	3.93000E+00	6.48000E+00	1.07000E+01	1.95000E+01	3.94000E+01	7.94000E+01	1.76000E+02	4.31000E+02	1.15000E+03	3.39000E+03	1.19000E+04	4.58000E+04	2.09000E+05	1.13000E+06	7.75000E+06	6.77000E+07	7.45000E+08	1.03000E+10	2.05000E+11	5.87000E+12	2.39000E+14	1.57000E+16	1.67000E+18	CritChance	0.00000E+00	-1.00000E-02	-2.00000E-02	-3.00000E-02	-4.00000E-02	-5.00000E-02	-6.00000E-02	-7.00000E-02	-8.00000E-02	-9.00000E-02	-1.00000E-01	-1.10000E-01	-1.20000E-01	-1.30000E-01	-1.40000E-01	-1.50000E-01	-1.60000E-01	-1.70000E-01	-1.80000E-01	-1.90000E-01	-2.00000E-01	-2.10000E-01	-2.20000E-01	-2.30000E-01	-2.40000E-01	-2.50000E-01	None	0
FireTapSkillBoost	Knight	BranchRed	5	20	PetDmg	3	III	Summon Inferno	Increased Fire Sword damage	25	500	500	500	500	500	500	500	500	500	500	500	500	500	500	500	500	500	500	500	500	500	500	500	500	500	500	2	2	3	3	3	4	5	5	6	7	8	9	11	12	14	16	19	22	25	28	33	38	43	50	57	-	TapBoostSkillAmount	0.00000E+00	1.60000E+00	2.37000E+00	3.89000E+00	6.38000E+00	1.05000E+01	1.90000E+01	3.79000E+01	7.56000E+01	1.66000E+02	4.01000E+02	1.06000E+03	3.06000E+03	1.06000E+04	3.98000E+04	1.77000E+05	9.31000E+05	6.23000E+06	5.26000E+07	5.59000E+08	7.42000E+09	1.42000E+11	3.87000E+12	1.49000E+14	9.32000E+15	9.32000E+17	TapBoostSkillDuration	0.00000E+00	1.00000E+00	2.00000E+00	4.00000E+00	7.00000E+00	9.00000E+00	1.20000E+01	1.60000E+01	2.10000E+01	2.60000E+01	3.30000E+01	4.10000E+01	5.10000E+01	6.30000E+01	7.70000E+01	9.50000E+01	1.15000E+02	1.42000E+02	1.73000E+02	2.11000E+02	2.55000E+02	3.10000E+02	3.76000E+02	4.54000E+02	5.50000E+02	6.64000E+02	None	0
PetQTE	Knight	BranchRed	6	20	PetGoldQTE	3	III	Lightning Burst	Increased pet QTE damage / Pet splash count	25	500	500	500	500	500	500	500	500	500	500	500	500	500	500	500	500	500	500	500	500	500	500	500	500	500	500	2	2	3	3	3	4	5	5	6	7	8	9	11	12	14	16	19	22	25	28	33	38	43	50	57	-	PetAttackQTEDamage	0.00000E+00	1.50000E+00	2.14000E+00	3.39000E+00	5.36000E+00	8.48000E+00	1.48000E+01	2.87000E+01	5.56000E+01	1.19000E+02	2.79000E+02	7.19000E+02	2.04000E+03	6.92000E+03	2.57000E+04	1.13000E+05	5.95000E+05	4.01000E+06	3.44000E+07	3.75000E+08	5.15000E+09	1.04000E+11	3.04000E+12	1.28000E+14	8.99000E+15	1.04000E+18	PetAttackQTESplashCount	0.00000E+00	2.00000E+00	4.00000E+00	6.00000E+00	8.00000E+00	1.00000E+01	1.20000E+01	1.40000E+01	1.60000E+01	1.80000E+01	2.00000E+01	2.20000E+01	2.40000E+01	2.60000E+01	2.80000E+01	3.00000E+01	3.30000E+01	3.60000E+01	3.90000E+01	4.20000E+01	4.50000E+01	4.80000E+01	5.10000E+01	5.40000E+01	5.70000E+01	6.00000E+01	PetQTESplashSkipMult	2
Frenzy	Knight	BranchRed	7	50	HeavyStrikes	4	IV	Barbaric Fury	Bonus tap attacks per second / increased tap damage	15	1000	1000	1000	1000	1000	1000	1000	1000	1000	1000	1000	1000	1000	1000	1000	1000	1000	1000	1000	-	-	-	-	-	-	-	3	4	5	7	9	12	16	21	27	35	46	60	78	101	131	170	221	287	-	-	-	-	-	-	-	-	ActiveTapDamage	0.00000E+00	2.50000E+00	6.19000E+00	1.77000E+01	6.66000E+01	3.25000E+02	2.28000E+03	2.51000E+04	4.63000E+05	1.53000E+07	1.04000E+09	1.80000E+11	9.62000E+13	2.09000E+17	2.63000E+21	3.21000E+26	7.67000E+32	9.53000E+40	2.25000E+51	-	-	-	-	-	-	-	FrenzyCount	0.00000E+00	1.00000E+00	2.00000E+00	3.00000E+00	4.00000E+00	5.00000E+00	6.00000E+00	8.00000E+00	1.00000E+01	1.20000E+01	1.50000E+01	1.80000E+01	2.10000E+01	2.40000E+01	2.70000E+01	3.00000E+01	3.00000E+01	3.00000E+01	3.00000E+01	-	-	-	-	-	-	-	None	0
BossDmgQTE	Knight	BranchRed	9	50	PetQTE	4	IV	Flash Zip	Pet Boss damage QTE	15	1000	1000	1000	1000	1000	1000	1000	1000	1000	1000	1000	1000	1000	1000	1000	1000	1000	1000	1000	-	-	-	-	-	-	-	3	4	5	7	9	12	16	21	27	35	46	60	78	101	131	170	221	287	-	-	-	-	-	-	-	-	PetBossQTEDamage	0.00000E+00	2.00000E+00	5.07000E+00	1.49000E+01	5.84000E+01	2.98000E+02	2.22000E+03	2.63000E+04	5.29000E+05	1.94000E+07	1.48000E+09	2.95000E+11	1.86000E+14	4.85000E+17	7.48000E+21	1.15000E+27	3.52000E+33	5.76000E+41	1.84000E+52	-	-	-	-	-	-	-	PetQTECooldownMult	0.00000E+00	9.65000E-01	9.30000E-01	8.95000E-01	8.60000E-01	8.25000E-01	7.90000E-01	7.55000E-01	7.20000E-01	6.85000E-01	6.50000E-01	6.15000E-01	5.80000E-01	5.45000E-01	5.10000E-01	4.75000E-01	4.75000E-01	4.75000E-01	4.75000E-01	-	-	-	-	-	-	-	PetBossQTEDuration	30
AllHelperDmg	Warlord	BranchYellow	0	0	None	1	I	Master Commander	Increased damge to all hero types	25	100	100	100	100	100	100	100	100	100	100	100	100	100	100	100	100	100	100	100	100	100	100	100	100	100	100	1	2	2	3	3	3	4	5	5	6	7	8	9	11	12	14	16	19	22	25	28	33	38	43	50	-	AllHelperDamage	0.00000E+00	1.20000E+00	1.71000E+00	2.43000E+00	3.82000E+00	6.02000E+00	9.47000E+00	1.64000E+01	3.14000E+01	6.01000E+01	1.26000E+02	2.90000E+02	7.28000E+02	2.00000E+03	6.49000E+03	2.29000E+04	9.48000E+04	4.59000E+05	2.79000E+06	2.11000E+07	1.97000E+08	2.27000E+09	3.65000E+10	8.15000E+11	2.50000E+13	1.19000E+15	None	0.00000E+00	0.00000E+00	0.00000E+00	0.00000E+00	0.00000E+00	0.00000E+00	0.00000E+00	0.00000E+00	0.00000E+00	0.00000E+00	0.00000E+00	0.00000E+00	0.00000E+00	0.00000E+00	0.00000E+00	0.00000E+00	0.00000E+00	0.00000E+00	0.00000E+00	0.00000E+00	0.00000E+00	0.00000E+00	0.00000E+00	0.00000E+00	0.00000E+00	0.00000E+00	None	0
ChestGold	Warlord	BranchYellow	1	3	AllHelperDmg	2	II	Spoils of War	Boost to chesterson gold / chesterton chance	25	300	300	300	300	300	300	300	300	300	300	300	300	300	300	300	300	300	300	300	300	300	300	300	300	300	300	1	2	2	3	3	3	4	5	5	6	7	8	9	11	12	14	16	19	22	25	28	33	38	43	50	-	ChestAmount	0.00000E+00	1.80000E+00	2.98000E+00	4.93000E+00	9.16000E+00	1.70000E+01	3.16000E+01	6.57000E+01	1.52000E+02	3.53000E+02	9.10000E+02	2.60000E+03	8.24000E+03	2.88000E+04	1.22000E+05	5.71000E+05	3.20000E+06	2.15000E+07	1.86000E+08	2.08000E+09	2.98000E+10	5.39000E+11	1.44000E+13	5.58000E+14	3.14000E+16	2.92000E+18	ChestChance	0.00000E+00	1.00000E-02	2.00000E-02	3.00000E-02	4.00000E-02	5.00000E-02	6.00000E-02	7.00000E-02	8.00000E-02	9.00000E-02	1.00000E-01	1.10000E-01	1.20000E-01	1.30000E-01	1.40000E-01	1.50000E-01	1.60000E-01	1.70000E-01	1.80000E-01	1.90000E-01	2.00000E-01	2.10000E-01	2.20000E-01	2.30000E-01	2.40000E-01	2.50000E-01	None	0
HelperDmgSkillBoost	Warlord	BranchYellow	2	3	AllHelperDmg	2	II	Heroic Might	War Cry damage / Inspired Hero count	25	300	300	300	300	300	300	300	300	300	300	300	300	300	300	300	300	300	300	300	300	300	300	300	300	300	300	1	2	2	3	3	3	4	5	5	6	7	8	9	11	12	14	16	19	22	25	28	33	38	43	50	-	InspiredHelperDamage	0.00000E+00	1.50000E+00	2.13000E+00	3.04000E+00	4.79000E+00	7.55000E+00	1.19000E+01	2.07000E+01	3.97000E+01	7.61000E+01	1.60000E+02	3.71000E+02	9.39000E+02	2.60000E+03	8.55000E+03	3.07000E+04	1.30000E+05	6.45000E+05	4.06000E+06	3.21000E+07	3.18000E+08	3.92000E+09	6.90000E+10	1.72000E+12	6.07000E+13	3.43000E+15	InspiredHelperCount	0.00000E+00	1.00000E+00	2.00000E+00	3.00000E+00	4.00000E+00	5.00000E+00	6.00000E+00	7.00000E+00	8.00000E+00	9.00000E+00	1.00000E+01	1.10000E+01	1.20000E+01	1.30000E+01	1.40000E+01	1.50000E+01	1.60000E+01	1.70000E+01	1.80000E+01	1.90000E+01	2.00000E+01	2.20000E+01	2.40000E+01	2.60000E+01	2.80000E+01	3.00000E+01	None	0
ClanShipDmg	Warlord	BranchYellow	3	3	AllHelperDmg	2	II	Aerial Assault	Increased clan ship damage / max splash count	25	300	300	300	300	300	300	300	300	300	300	300	300	300	300	300	300	300	300	300	300	300	300	300	300	300	300	1	2	2	3	3	3	4	5	5	6	7	8	9	11	12	14	16	19	22	25	28	33	38	43	50	-	ClanShipDamage	0.00000E+00	1.50000E+00	2.11000E+00	2.98000E+00	4.63000E+00	7.19000E+00	1.12000E+01	1.91000E+01	3.58000E+01	6.73000E+01	1.38000E+02	3.11000E+02	7.63000E+02	2.04000E+03	6.48000E+03	2.23000E+04	9.02000E+04	4.27000E+05	2.55000E+06	1.91000E+07	1.77000E+08	2.05000E+09	3.36000E+10	7.76000E+11	2.52000E+13	1.30000E+15	ClanShipSplashCount	0.00000E+00	1.00000E+00	2.00000E+00	3.00000E+00	4.00000E+00	5.00000E+00	6.00000E+00	7.00000E+00	8.00000E+00	9.00000E+00	1.00000E+01	1.10000E+01	1.20000E+01	1.30000E+01	1.40000E+01	1.50000E+01	1.60000E+01	1.80000E+01	2.00000E+01	2.20000E+01	2.40000E+01	2.60000E+01	2.80000E+01	3.00000E+01	3.20000E+01	3.50000E+01	None	0
HelperBoost	Warlord	BranchYellow	4	20	ChestGold	3	III	Tactical Insight	Unlockable skill boost for heroes	25	600	600	600	600	600	600	600	600	600	600	600	600	600	600	600	600	600	600	600	600	600	600	600	600	600	600	2	2	3	3	3	4	5	5	6	7	8	9	11	12	14	16	19	22	25	28	33	38	43	50	57	-	HelperMultiplicativeSkillBoost	0.00000E+00	2.50000E-03	4.70000E-03	7.60000E-03	1.05000E-02	1.34000E-02	1.70000E-02	2.12000E-02	2.54000E-02	3.02000E-02	3.58000E-02	4.20000E-02	4.88000E-02	5.68000E-02	6.55000E-02	7.54000E-02	8.66000E-02	9.95000E-02	1.14300E-01	1.30900E-01	1.49400E-01	1.70900E-01	1.95500E-01	2.23500E-01	2.56000E-01	2.93300E-01	HelperAdditiveSkillBoost	0.00000E+00	2.00000E-02	3.50000E-02	5.00000E-02	6.50000E-02	8.00000E-02	9.50000E-02	1.10000E-01	1.25000E-01	1.40000E-01	1.55000E-01	1.70000E-01	1.85000E-01	2.00000E-01	2.15000E-01	2.30000E-01	2.45000E-01	2.60000E-01	2.75000E-01	2.90000E-01	3.05000E-01	3.20000E-01	3.35000E-01	3.50000E-01	3.65000E-01	3.80000E-01	None	0
HelperInspiredWeaken	Warlord	BranchYellow	5	20	HelperDmgSkillBoost	3	III	Inspired Shot	Inspired heroes weaken Titans during War Cry	25	600	600	600	600	600	600	600	600	600	600	600	600	600	600	600	600	600	600	600	600	600	600	600	600	600	600	2	2	3	3	3	4	5	5	6	7	8	9	11	12	14	16	19	22	25	28	33	38	43	50	57	-	InspiredHelperWeaken	0.00000E+00	7.50000E-03	9.51000E-03	1.35000E-02	1.92000E-02	2.72000E-02	4.32000E-02	7.63000E-02	1.35000E-01	2.65000E-01	5.76000E-01	1.39000E+00	3.68000E+00	1.19000E+01	4.20000E+01	1.79000E+02	9.11000E+02	6.03000E+03	5.15000E+04	5.63000E+05	7.85000E+06	1.63000E+08	4.96000E+09	2.21000E+11	1.67000E+13	2.11000E+15	HelperBoostSkillDuration	0.00000E+00	1.00000E+00	2.00000E+00	4.00000E+00	7.00000E+00	9.00000E+00	1.20000E+01	1.60000E+01	2.10000E+01	2.60000E+01	3.30000E+01	4.10000E+01	5.10000E+01	6.30000E+01	7.70000E+01	9.50000E+01	1.15000E+02	1.42000E+02	1.73000E+02	2.11000E+02	2.55000E+02	3.10000E+02	3.76000E+02	4.54000E+02	5.50000E+02	6.64000E+02	None	0
ClanQTE	Warlord	BranchYellow	6	20	ClanShipDmg	3	III	Coordinated Offensive	Summon clan member Clan Ship QTE	25	600	600	600	600	600	600	600	600	600	600	600	600	600	600	600	600	600	600	600	600	600	600	600	600	600	600	2	2	3	3	3	4	5	5	6	7	8	9	11	12	14	16	19	22	25	28	33	38	43	50	57	-	ActiveAllHelperDamage	0.00000E+00	1.80000E+00	2.59000E+00	4.14000E+00	6.62000E+00	1.06000E+01	1.88000E+01	3.69000E+01	7.25000E+01	1.57000E+02	3.76000E+02	9.90000E+02	2.86000E+03	9.93000E+03	3.77000E+04	1.70000E+05	9.14000E+05	6.29000E+06	5.53000E+07	6.16000E+08	8.66000E+09	1.78000E+11	5.33000E+12	2.30000E+14	1.65000E+16	1.96000E+18	ClanQTECooldown	0.00000E+00	0.00000E+00	1.00000E+00	2.00000E+00	3.00000E+00	4.00000E+00	5.00000E+00	6.00000E+00	7.00000E+00	8.00000E+00	9.00000E+00	1.00000E+01	1.10000E+01	1.20000E+01	1.30000E+01	1.40000E+01	1.50000E+01	1.60000E+01	1.70000E+01	1.80000E+01	2.00000E+01	2.20000E+01	2.40000E+01	2.60000E+01	2.80000E+01	3.00000E+01	ClanShipSplashSkipMult	2
HelperDmgQTE	Warlord	BranchYellow	7	50	HelperBoost	4	IV	Astral Awakening	Increased Hero QTE damage per bounce	15	1200	1200	1200	1200	1200	1200	1200	1200	1200	1200	1200	1200	1200	1200	1200	1200	1200	1200	1200	-	-	-	-	-	-	-	3	4	5	7	9	12	16	21	27	35	46	60	78	101	131	170	221	287	-	-	-	-	-	-	-	-	HelperQTEDamage	0.00000E+00	1.21000E+00	1.45000E+00	1.80000E+00	2.36000E+00	3.25000E+00	4.84000E+00	7.90000E+00	1.43000E+01	2.92000E+01	6.91000E+01	1.98000E+02	7.12000E+02	3.42000E+03	2.34000E+04	2.56000E+05	5.11000E+06	2.29000E+08	2.99000E+10	-	-	-	-	-	-	-	None	0.00000E+00	0.00000E+00	0.00000E+00	0.00000E+00	0.00000E+00	0.00000E+00	0.00000E+00	0.00000E+00	0.00000E+00	0.00000E+00	0.00000E+00	0.00000E+00	0.00000E+00	0.00000E+00	0.00000E+00	0.00000E+00	0.00000E+00	0.00000E+00	0.00000E+00	-	-	-	-	-	-	-	HelperQTECount	5
ClanShipStun	Warlord	BranchYellow	9	50	ClanQTE	4	IV	Anchoring Shot	Stun Titan for increased damage	15	1200	1200	1200	1200	1200	1200	1200	1200	1200	1200	1200	1200	1200	1200	1200	1200	1200	1200	1200	-	-	-	-	-	-	-	3	4	5	7	9	12	16	21	27	35	46	60	78	101	131	170	221	287	-	-	-	-	-	-	-	-	ClanShipStunDamage	0.00000E+00	3.50000E+00	1.00000E+01	3.36000E+01	1.53000E+02	9.25000E+02	8.34000E+03	1.23000E+05	3.18000E+06	1.54000E+08	1.61000E+10	4.58000E+12	4.28000E+15	1.73000E+19	4.34000E+23	1.13000E+29	6.16000E+35	1.89000E+44	1.18000E+55	-	-	-	-	-	-	-	ClanShipStunDuration	0.00000E+00	8.00000E-01	9.00000E-01	1.00000E+00	1.10000E+00	1.20000E+00	1.30000E+00	1.40000E+00	1.50000E+00	1.60000E+00	1.70000E+00	1.80000E+00	1.90000E+00	2.00000E+00	2.10000E+00	2.20000E+00	2.20000E+00	2.20000E+00	2.20000E+00	-	-	-	-	-	-	-	None	0
MPCapacityBoost	Sorcerer	BranchBlue	0	0	None	1	I	Limit Break	Increased mana capacity and regen	25	150	150	150	150	150	150	150	150	150	150	150	150	150	150	150	150	150	150	150	150	150	150	150	150	150	150	1	2	2	3	3	3	4	5	5	6	7	8	9	11	12	14	16	19	22	25	28	33	38	43	50	-	ManaPoolCap	0.00000E+00	5.00000E+00	8.00000E+00	1.20000E+01	1.90000E+01	2.60000E+01	3.50000E+01	4.60000E+01	6.20000E+01	8.00000E+01	1.03000E+02	1.32000E+02	1.68000E+02	2.13000E+02	2.69000E+02	3.37000E+02	4.21000E+02	5.24000E+02	6.52000E+02	8.09000E+02	1.00000E+03	1.23400E+03	1.52000E+03	1.87000E+03	2.29500E+03	2.81500E+03	ManaRegen	0.00000E+00	1.00000E-01	2.28000E-01	3.73000E-01	5.38000E-01	7.27000E-01	9.41000E-01	1.18500E+00	1.46300E+00	1.77900E+00	2.13900E+00	2.54900E+00	3.01500E+00	3.54600E+00	4.15100E+00	4.83900E+00	5.62200E+00	6.51400E+00	7.52900E+00	8.68400E+00	1.00000E+01	1.14970E+01	1.32010E+01	1.51410E+01	1.73500E+01	1.98640E+01	None	0
MidasSkillBoost	Sorcerer	BranchBlue	1	3	MPCapacityBoost	2	II	Midas Ultimate	HoM multiplier + fairy gold mult	25	150	150	150	150	150	150	150	150	150	150	150	150	150	150	150	150	150	150	150	150	150	150	150	150	150	150	1	2	2	3	3	3	4	5	5	6	7	8	9	11	12	14	16	19	22	25	28	33	38	43	50	-	HandOfMidasSkillAmount	0.00000E+00	1.80000E+00	2.92000E+00	4.79000E+00	8.78000E+00	1.61000E+01	2.95000E+01	6.02000E+01	1.36000E+02	3.09000E+02	7.76000E+02	2.15000E+03	6.59000E+03	2.22000E+04	9.02000E+04	4.02000E+05	2.14000E+06	1.35000E+07	1.10000E+08	1.14000E+09	1.50000E+10	2.49000E+11	6.02000E+12	2.10000E+14	1.05000E+16	8.64000E+17	FairyGold	0.00000E+00	1.20000E+00	1.45000E+00	1.75000E+00	2.22000E+00	2.80000E+00	3.54000E+00	4.69000E+00	6.50000E+00	8.99000E+00	1.30000E+01	1.97000E+01	3.11000E+01	5.14000E+01	9.25000E+01	1.74000E+02	3.56000E+02	7.93000E+02	2.00000E+03	5.76000E+03	1.87000E+04	6.93000E+04	3.17000E+05	1.79000E+06	1.25000E+07	1.19000E+08	None	0.00E+00
BurstSkillBoost	Sorcerer	BranchBlue	2	3	MPCapacityBoost	2	II	Angelic Radiance	Increased damage + splash through bosses	25	350	350	350	350	350	350	350	350	350	350	350	350	350	350	350	350	350	350	350	350	350	350	350	350	350	350	1	2	2	3	3	3	4	5	5	6	7	8	9	11	12	14	16	19	22	25	28	33	38	43	50	-	BurstDamageSkillAmount	0.00000E+00	2.00000E+00	3.00000E+00	4.50000E+00	7.50000E+00	1.25000E+01	2.08000E+01	3.86000E+01	7.89000E+01	1.61000E+02	3.64000E+02	9.06000E+02	2.48000E+03	7.42000E+03	2.66000E+04	1.04000E+05	4.86000E+05	2.67000E+06	1.88000E+07	1.67000E+08	1.87000E+09	2.63000E+10	5.32000E+11	1.54000E+13	6.35000E+14	4.25000E+16	BurstSkillSplashCount	0.00000E+00	0.00000E+00	2.00000E+00	4.00000E+00	6.00000E+00	8.00000E+00	1.00000E+01	1.20000E+01	1.40000E+01	1.60000E+01	1.80000E+01	2.00000E+01	2.20000E+01	2.40000E+01	2.70000E+01	3.00000E+01	3.30000E+01	3.60000E+01	3.90000E+01	4.20000E+01	4.50000E+01	4.80000E+01	5.10000E+01	5.40000E+01	5.70000E+01	6.00000E+01	None	0
CloneDmg	Sorcerer	BranchBlue	3	3	MPCapacityBoost	2	II	Phantom Vengeance	Increased clone dmg + attack rate	25	350	350	350	350	350	350	350	350	350	350	350	350	350	350	350	350	350	350	350	350	350	350	350	350	350	350	1	2	2	3	3	3	4	5	5	6	7	8	9	11	12	14	16	19	22	25	28	33	38	43	50	-	ShadowCloneSkillAmount	0.00000E+00	1.50000E+00	2.06000E+00	2.84000E+00	4.34000E+00	6.64000E+00	1.02000E+01	1.72000E+01	3.24000E+01	6.09000E+01	1.26000E+02	2.89000E+02	7.27000E+02	2.01000E+03	6.67000E+03	2.42000E+04	1.05000E+05	5.37000E+05	3.54000E+06	2.97000E+07	3.17000E+08	4.26000E+09	8.39000E+10	2.40000E+12	9.91000E+13	6.81000E+15	ShadowCloneSkillAttackRate	0.00000E+00	1.00000E-01	2.10000E-01	3.30000E-01	4.60000E-01	5.90000E-01	7.40000E-01	8.90000E-01	1.05000E+00	1.22000E+00	1.41000E+00	1.60000E+00	1.81000E+00	2.03000E+00	2.26000E+00	2.51000E+00	2.77000E+00	3.05000E+00	3.35000E+00	3.66000E+00	4.00000E+00	4.36000E+00	4.74000E+00	5.14000E+00	5.57000E+00	6.02000E+00	None	0
Fairy	Sorcerer	BranchBlue	4	20	MidasSkillBoost	3	III	Fairy Charm	Multi-fairy spawn bonus + lower fairy spawn cooldown	10	700	700	700	700	700	700	700	700	700	700	700	-	-	-	-	-	-	-	-	-	-	-	-	-	-	-	2	2	3	3	3	4	5	5	6	7	-	-	-	-	-	-	-	-	-	-	-	-	-	-	-	-	FairySpawnChance	0.00000E+00	4.00000E-02	1.60000E-01	3.50000E-01	5.40000E-01	7.50000E-01	1.03000E+00	1.38000E+00	1.76000E+00	2.21000E+00	2.75000E+00	-	-	-	-	-	-	-	-	-	-	-	-	-	-	-	FairyCooldown	0.00000E+00	4.00000E+00	8.60000E+00	1.35000E+01	1.88000E+01	2.45000E+01	3.06000E+01	3.72000E+01	4.42000E+01	5.18000E+01	6.00000E+01	-	-	-	-	-	-	-	-	-	-	-	-	-	-	-	None	0
ManaStealSkillBoost	Sorcerer	BranchBlue	5	20	BurstSkillBoost	3	III	Mana Siphon	Chance to gain additional mana per tap	25	700	700	700	700	700	700	700	700	700	700	700	700	700	700	700	700	700	700	700	700	700	700	700	700	700	700	2	2	3	3	3	4	5	5	6	7	8	9	11	12	14	16	19	22	25	28	33	38	43	50	57	-	ManaTapRegen	0.00000E+00	5.00000E-04	7.00000E-04	1.00000E-03	1.30000E-03	1.60000E-03	2.00000E-03	2.50000E-03	3.10000E-03	3.80000E-03	4.70000E-03	5.60000E-03	6.80000E-03	8.10000E-03	9.70000E-03	1.15000E-02	1.37000E-02	1.62000E-02	1.92000E-02	2.26000E-02	2.65000E-02	3.12000E-02	3.66000E-02	4.28000E-02	5.01000E-02	5.84000E-02	None	0.00000E+00	0.00000E+00	0.00000E+00	0.00000E+00	0.00000E+00	0.00000E+00	0.00000E+00	0.00000E+00	0.00000E+00	0.00000E+00	0.00000E+00	0.00000E+00	0.00000E+00	0.00000E+00	0.00000E+00	0.00000E+00	0.00000E+00	0.00000E+00	0.00000E+00	0.00000E+00	0.00000E+00	0.00000E+00	0.00000E+00	0.00000E+00	0.00000E+00	0.00000E+00	ManaStealChance	0.005
CloneSkillBoost	Sorcerer	BranchBlue	6	20	CloneDmg	3	III	Eternal Darkness	Increased clone duration + splash skip	25	700	700	700	700	700	700	700	700	700	700	700	700	700	700	700	700	700	700	700	700	700	700	700	700	700	700	2	2	3	3	3	4	5	5	6	7	8	9	11	12	14	16	19	22	25	28	33	38	43	50	57	-	ShadowCloneSkillDuration	0.00000E+00	2.00000E+00	5.00000E+00	9.00000E+00	1.30000E+01	1.80000E+01	2.40000E+01	3.30000E+01	4.10000E+01	5.30000E+01	6.60000E+01	8.30000E+01	1.02000E+02	1.27000E+02	1.55000E+02	1.90000E+02	2.31000E+02	2.83000E+02	3.47000E+02	4.22000E+02	5.10000E+02	6.20000E+02	7.52000E+02	9.08000E+02	1.10000E+03	1.32800E+03	ShadowCloneSplashSkipCount	0.00000E+00	0.00000E+00	1.00000E+00	2.00000E+00	3.00000E+00	4.00000E+00	6.00000E+00	8.00000E+00	1.00000E+01	1.20000E+01	1.40000E+01	1.60000E+01	1.80000E+01	2.00000E+01	2.30000E+01	2.60000E+01	2.90000E+01	3.30000E+01	3.80000E+01	4.40000E+01	5.10000E+01	5.90000E+01	6.80000E+01	7.80000E+01	8.90000E+01	1.01000E+02	None	0
ManaMonster	Sorcerer	BranchBlue	7	50	Fairy	4	IV	Manni Mana	Chance for mana monster to spawn (gives mana)	15	1400	1400	1400	1400	1400	1400	1400	1400	1400	1400	1400	1400	1400	1400	1400	1400	1400	1400	1400	-	-	-	-	-	-	-	3	4	5	7	9	12	16	21	27	35	46	60	78	101	131	170	221	287	-	-	-	-	-	-	-	-	ManaMonsterAmount	0.00000E+00	2.00000E+00	4.00000E+00	6.50000E+00	1.00000E+01	1.45000E+01	2.05000E+01	2.85000E+01	3.90000E+01	5.25000E+01	7.00000E+01	9.30000E+01	1.23000E+02	1.62000E+02	2.12500E+02	2.78000E+02	3.63000E+02	4.73500E+02	6.17000E+02	-	-	-	-	-	-	-	ManaMonsterSpawnChance	0.00000E+00	0.00000E+00	0.00000E+00	0.00000E+00	0.00000E+00	0.00000E+00	0.00000E+00	0.00000E+00	0.00000E+00	0.00000E+00	0.00000E+00	0.00000E+00	0.00000E+00	0.00000E+00	0.00000E+00	0.00000E+00	0.00000E+00	0.00000E+00	0.00000E+00	-	-	-	-	-	-	-	None	0
CritSkillBoost	Sorcerer	BranchBlue	8	50	ManaStealSkillBoost	4	IV	Lightning Strike	Chance to deal damage equal to percent of monster hp	15	1400	1400	1400	1400	1400	1400	1400	1400	1400	1400	1400	1400	1400	1400	1400	1400	1400	1400	1400	-	-	-	-	-	-	-	3	4	5	7	9	12	16	21	27	35	46	60	78	101	131	170	221	287	-	-	-	-	-	-	-	-	LightningStrikeDamage	0.00000E+00	1.00000E-01	1.53200E-01	2.07200E-01	2.67100E-01	3.28800E-01	3.94200E-01	4.62700E-01	5.32300E-01	6.00300E-01	6.65900E-01	7.28800E-01	7.86700E-01	8.37900E-01	8.80900E-01	9.14700E-01	9.30700E-01	9.38700E-01	9.42700E-01	-	-	-	-	-	-	-	LightningStrikeEfficiency	0.00000E+00	9.38000E-01	9.41000E-01	9.44000E-01	9.47000E-01	9.50000E-01	9.53000E-01	9.56000E-01	9.59000E-01	9.62000E-01	9.65000E-01	9.68000E-01	9.71000E-01	9.74000E-01	9.77000E-01	9.80000E-01	9.80000E-01	9.80000E-01	9.80000E-01	-	-	-	-	-	-	-	LightningStrikeChance	0.02
BossTimer	Sorcerer	BranchBlue	9	50	CloneSkillBoost	4	IV	Dimensional Shift	Increase active skill effects and duration	15	1400	1400	1400	1400	1400	1400	1400	1400	1400	1400	1400	1400	1400	1400	1400	1400	1400	1400	1400	-	-	-	-	-	-	-	3	4	5	7	9	12	16	21	27	35	46	60	78	101	131	170	221	287	-	-	-	-	-	-	-	-	ShadowCloneAllSkillBoost	0.00000E+00	1.31000E+00	1.70000E+00	2.31000E+00	3.40000E+00	5.40000E+00	9.54000E+00	1.92000E+01	4.49000E+01	1.25000E+02	4.26000E+02	1.92000E+03	1.20000E+04	1.13000E+05	1.77000E+06	5.39000E+07	3.90000E+09	8.96000E+11	9.50000E+14	-	-	-	-	-	-	-	ShadowCloneAllSkillDurationRate	0.00000E+00	9.60000E-01	9.20000E-01	8.80000E-01	8.40000E-01	8.00000E-01	7.60000E-01	7.20000E-01	6.80000E-01	6.40000E-01	6.00000E-01	5.50000E-01	5.00000E-01	4.50000E-01	4.00000E-01	3.50000E-01	3.50000E-01	3.50000E-01	3.50000E-01	-	-	-	-	-	-	-	None	0
OfflineGold	Rogue	BranchGreen	0	0	None	1	I	Master Thief	All Gold / Inactive gold bonus	25	200	200	200	200	200	200	200	200	200	200	200	200	200	200	200	200	200	200	200	200	200	200	200	200	200	200	1	2	2	3	3	3	4	5	5	6	7	8	9	11	12	14	16	19	22	25	28	33	38	43	50	-	GoldAll	0.00000E+00	1.60000E+00	2.55000E+00	4.06000E+00	7.13000E+00	1.25000E+01	2.20000E+01	4.25000E+01	9.02000E+01	1.91000E+02	4.45000E+02	1.13000E+03	3.14000E+03	9.49000E+03	3.40000E+04	1.32000E+05	6.05000E+05	3.24000E+06	2.19000E+07	1.85000E+08	1.94000E+09	2.54000E+10	4.70000E+11	1.23000E+13	4.50000E+14	2.63000E+16	InactiveGold	0.00000E+00	1.20000E+00	1.38000E+00	1.58000E+00	1.94000E+00	2.38000E+00	2.92000E+00	3.81000E+00	5.29000E+00	7.35000E+00	1.08000E+01	1.69000E+01	2.78000E+01	4.84000E+01	9.33000E+01	1.89000E+02	4.21000E+02	1.03000E+03	2.84000E+03	8.83000E+03	3.08000E+04	1.19000E+05	5.41000E+05	2.86000E+06	1.73000E+07	1.25000E+08	None	0.00E+00
CritSkillBoostDmg	Rogue	BranchGreen	1	3	OfflineGold	2	II	Assassinate	Deadly Strike damage boost	25	400	400	400	400	400	400	400	400	400	400	400	400	400	400	400	400	400	400	400	400	400	400	400	400	400	400	1	2	2	3	3	3	4	5	5	6	7	8	9	11	12	14	16	19	22	25	28	33	38	43	50	-	CritBoostSkillAmount	0.00000E+00	1.60000E+00	2.52000E+00	3.97000E+00	7.11000E+00	1.28000E+01	2.29000E+01	4.66000E+01	1.07000E+02	2.48000E+02	6.44000E+02	1.89000E+03	6.21000E+03	2.29000E+04	1.06000E+05	5.46000E+05	3.48000E+06	2.74000E+07	2.93000E+08	4.23000E+09	8.15000E+10	2.10000E+12	8.60000E+13	5.60000E+15	5.73000E+17	1.10000E+20	CritBoostSkillDuration	0.00000E+00	2.00000E+00	5.00000E+00	9.00000E+00	1.30000E+01	1.80000E+01	2.40000E+01	3.30000E+01	4.10000E+01	5.30000E+01	6.60000E+01	8.30000E+01	1.02000E+02	1.27000E+02	1.55000E+02	1.90000E+02	2.31000E+02	2.83000E+02	3.47000E+02	4.22000E+02	5.10000E+02	6.20000E+02	7.52000E+02	9.08000E+02	1.10000E+03	1.32800E+03	None	0
UltraDagger	Rogue	BranchGreen	2	3	OfflineGold	2	II	Ultra Dagger	Dagger QTE to deal damage	25	400	400	400	400	400	400	400	400	400	400	400	400	400	400	400	400	400	400	400	400	400	400	400	400	400	400	1	2	2	3	3	3	4	5	5	6	7	8	9	11	12	14	16	19	22	25	28	33	38	43	50	-	UltraDaggerDamage	0.00000E+00	1.60000E+00	2.41000E+00	3.63000E+00	6.09000E+00	1.02000E+01	1.72000E+01	3.21000E+01	6.66000E+01	1.38000E+02	3.17000E+02	8.05000E+02	2.26000E+03	6.95000E+03	2.59000E+04	1.06000E+05	5.16000E+05	3.00000E+06	2.25000E+07	2.17000E+08	2.66000E+09	4.12000E+10	9.36000E+11	3.09000E+13	1.46000E+15	1.14000E+17	None	0.00000E+00	0.00000E+00	0.00000E+00	0.00000E+00	0.00000E+00	0.00000E+00	0.00000E+00	0.00000E+00	0.00000E+00	0.00000E+00	0.00000E+00	0.00000E+00	0.00000E+00	0.00000E+00	0.00000E+00	0.00000E+00	0.00000E+00	0.00000E+00	0.00000E+00	0.00000E+00	0.00000E+00	0.00000E+00	0.00000E+00	0.00000E+00	0.00000E+00	0.00000E+00	UltraDaggerDamageCrit	10
MultiMonsters	Rogue	BranchGreen	3	3	OfflineGold	2	II	Ambush	Increased multi spawn chance	10	400	400	400	400	400	400	400	400	400	400	400	-	-	-	-	-	-	-	-	-	-	-	-	-	-	-	1	2	2	3	3	3	4	5	5	6	-	-	-	-	-	-	-	-	-	-	-	-	-	-	-	-	MultiMonstersMaxCount	0.00000E+00	1.00000E+00	2.00000E+00	4.00000E+00	6.00000E+00	8.00000E+00	1.00000E+01	1.20000E+01	1.40000E+01	1.60000E+01	2.00000E+01	-	-	-	-	-	-	-	-	-	-	-	-	-	-	-	MultiMonsters	0.00000E+00	1.00000E-02	1.60000E-02	2.40000E-02	3.60000E-02	5.20000E-02	7.50000E-02	1.07000E-01	1.51000E-01	2.13000E-01	3.00000E-01	-	-	-	-	-	-	-	-	-	-	-	-	-	-	-	None	0
StrokeOfLuck	Rogue	BranchGreen	4	20	CritSkillBoostDmg	3	III	Stroke Of Luck	Companions benefit from DS and enable x1000 Gold Drops.	25	800	800	800	800	800	800	800	800	800	800	800	800	800	800	800	800	800	800	800	800	800	800	800	800	800	800	2	2	3	3	3	4	5	5	6	7	8	9	11	12	14	16	19	22	25	28	33	38	43	50	57	-	DeadlyDamageCompanion	0.00000E+00	1.00000E+00	1.27000E+00	1.69000E+00	2.26000E+00	3.02000E+00	4.25000E+00	6.30000E+00	9.33000E+00	1.45000E+01	2.37000E+01	4.05000E+01	7.26000E+01	1.42000E+02	2.91000E+02	6.46000E+02	1.55000E+03	4.19000E+03	1.26000E+04	4.20000E+04	1.54000E+05	6.60000E+05	3.26000E+06	1.83000E+07	1.23000E+08	9.60000E+08	AllGoldx1000Chance	0.00000E+00	3.00000E-02	3.50000E-02	4.00000E-02	4.50000E-02	5.00000E-02	5.50000E-02	6.00000E-02	6.50000E-02	7.00000E-02	7.50000E-02	8.00000E-02	8.50000E-02	9.00000E-02	9.50000E-02	1.00000E-01	1.05000E-01	1.10000E-01	1.15000E-01	1.20000E-01	1.25000E-01	1.30000E-01	1.35000E-01	1.40000E-01	1.45000E-01	1.50000E-01	None	0
PoisonedBlade	Rogue	BranchGreen	5	20	UltraDagger	3	III	Poisoned Blade	Daggers cause Titans to take more damage.	25	800	800	800	800	800	800	800	800	800	800	800	800	800	800	800	800	800	800	800	800	800	800	800	800	800	800	2	2	3	3	3	4	5	5	6	7	8	9	11	12	14	16	19	22	25	28	33	38	43	50	57	-	UltraDaggerPoisonBoost	0.00000E+00	1.50000E+00	2.47000E+00	4.57000E+00	8.44000E+00	1.56000E+01	3.22000E+01	7.40000E+01	1.70000E+02	4.35000E+02	1.23000E+03	3.85000E+03	1.33000E+04	5.57000E+04	2.56000E+05	1.41000E+06	9.27000E+06	7.88000E+07	8.59000E+08	1.19000E+10	2.08000E+11	5.32000E+12	1.96000E+14	1.03000E+16	8.84000E+17	1.22000E+20	UltraDaggerCount	0.00000E+00	1.00000E+00	1.00000E+00	1.00000E+00	2.00000E+00	2.00000E+00	2.00000E+00	3.00000E+00	3.00000E+00	3.00000E+00	3.00000E+00	4.00000E+00	4.00000E+00	4.00000E+00	4.00000E+00	5.00000E+00	5.00000E+00	5.00000E+00	5.00000E+00	5.00000E+00	6.00000E+00	6.00000E+00	6.00000E+00	6.00000E+00	6.00000E+00	7.00000E+00	UltraDaggerPoisonMaxCount	10
Cloaking	Rogue	BranchGreen	6	20	MultiMonsters	3	III	Cloaking	Killing bosses has a chance to skip stages.	15	800	800	800	800	800	800	800	800	800	800	800	800	800	800	800	800	-	-	-	-	-	-	-	-	-	-	2	2	3	3	3	4	5	5	6	7	8	9	11	12	14	170	221	287	-	-	-	-	-	-	-	-	CloakedSkipChance	0.00000E+00	1.00000E-01	1.29000E-01	1.57000E-01	1.86000E-01	2.14000E-01	2.43000E-01	2.71000E-01	3.00000E-01	3.29000E-01	3.57000E-01	3.86000E-01	4.14000E-01	4.43000E-01	4.71000E-01	5.00000E-01	-	-	-	-	-	-	-	-	-	-	CloakedStageDuration	0.00000E+00	1.50000E-01	1.68000E-01	1.86000E-01	2.04000E-01	2.21000E-01	2.39000E-01	2.57000E-01	2.75000E-01	2.93000E-01	3.11000E-01	3.29000E-01	3.46000E-01	3.64000E-01	3.82000E-01	4.00000E-01	-	-	-	-	-	-	-	-	-	-	CloakedSkipAmount	5
ForbiddenContract	Rogue	BranchGreen	7	20	StrokeOfLuck	4	IV	Forbidden Contract	Activate QTE to drain mana for more damage.	15	800	800	800	800	800	800	800	800	800	800	800	800	800	800	800	800	800	800	800	-	-	-	-	-	-	-	3	4	5	7	9	12	16	21	27	35	46	60	78	101	131	170	221	287	-	-	-	-	-	-	-	-	ForbiddenContractMaxDamage	0.00000E+00	3.16000E+02	9.63000E+02	3.64000E+03	1.78000E+04	1.18000E+05	1.13000E+06	1.68000E+07	4.21000E+08	1.96000E+10	1.92000E+12	4.58000E+14	3.15000E+17	7.65000E+20	8.41000E+24	5.59000E+29	5.28000E+33	8.65000E+41	2.76000E+52	-	-	-	-	-	-	-	ForbiddenContractManaCostBase	0.00000E+00	2.00000E+00	1.95000E+00	1.90000E+00	1.85000E+00	1.80000E+00	1.75000E+00	1.70000E+00	1.65000E+00	1.60000E+00	1.55000E+00	1.50000E+00	1.45000E+00	1.40000E+00	1.35000E+00	1.30000E+00	1.30000E+00	1.30000E+00	1.30000E+00	-	-	-	-	-	-	-	None	0
SoulBlade	Rogue	BranchGreen	8	20	PoisonedBlade	4	IV	Soul Blade	Daggers splash and splash skip.	15	800	800	800	800	800	800	800	800	800	800	800	800	800	800	800	800	800	800	800	-	-	-	-	-	-	-	3	4	5	7	9	12	16	21	27	35	46	60	78	101	131	170	221	287	-	-	-	-	-	-	-	-	UltraDaggerSplashSkipCount	0.00000E+00	1.00000E+00	1.00000E+00	1.00000E+00	2.00000E+00	2.00000E+00	2.00000E+00	3.00000E+00	3.00000E+00	3.00000E+00	4.00000E+00	4.00000E+00	4.00000E+00	5.00000E+00	5.00000E+00	5.00000E+00	6.00000E+00	6.00000E+00	7.00000E+00	-	-	-	-	-	-	-	UltraDaggerCooldown	0.00000E+00	0.00000E+00	2.00000E+00	3.00000E+00	4.00000E+00	5.00000E+00	6.00000E+00	7.00000E+00	8.00000E+00	9.00000E+00	1.00000E+01	1.10000E+01	1.20000E+01	1.30000E+01	1.40000E+01	1.50000E+01	1.50000E+01	1.50000E+01	1.50000E+01	-	-	-	-	-	-	-	None	0
GuidedBlade	Rogue	BranchGreen	9	20	Cloaking	4	IV	Guided Blade	Chance to gain stackable DS buff after each DS.	15	800	800	800	800	800	800	800	800	800	800	800	800	800	800	800	800	800	800	800	-	-	-	-	-	-	-	3	4	5	7	9	12	16	21	27	35	46	60	78	101	131	170	221	287	-	-	-	-	-	-	-	-	GuidedBladeDeadlyStrikeBoost	0.00000E+00	1.25000E+00	2.18000E+00	4.13000E+00	6.16000E+00	1.61000E+01	5.32000E+01	1.76000E+02	1.09000E+03	1.02000E+04	1.28000E+05	4.08000E+06	2.64000E+08	6.50000E+10	6.16000E+13	5.07000E+17	6.21000E+22	3.00000E+29	2.07000E+38	-	-	-	-	-	-	-	GuidedBladeBoostMaxCount	0.00000E+00	2.00000E+00	2.00000E+00	2.00000E+00	3.00000E+00	3.00000E+00	3.00000E+00	4.00000E+00	4.00000E+00	4.00000E+00	5.00000E+00	5.00000E+00	6.00000E+00	6.00000E+00	7.00000E+00	7.00000E+00	7.00000E+00	7.00000E+00	7.00000E+00	-	-	-	-	-	-	-	GuidedBladeApplyChance	0.01